TAXA,FAMILY,SPECIES,SUBSPECIES,Common_name,spp_code_raster,Spp_code_phylogeny,mass,mass_male,mass_female,size,size_male,size_female,color_dimorphism,age_1st_rep,max_lifespan,rep_characteristics,clutch_litter_size,rep_per_year,rep_seasonality,broad_diet,activity_period,shelter_type,strata_used,pot_dispersal,endemic,rainforest_specialization,references,num_occur,AUC,model_background,realized_dist,core_realized_dist,potential_dist,core_potential_dist,elev_range,temp_range,precip_range,ENFA_marginality,ENFA_specialization,num_veg_types,veg_speciliazation,map_reliability
BIRD,Acanthizidae,Acanthiza katherina,.,Mountain Thornbill,MTHORN,Ak,8.9,.,.,111,.,.,0,.,15,9,2,1,1,4,1,1,4,4,1,6,1;2,353,0.975,grid,6223.5,2834.8,6258.6,2842.8,560 - 1540,15.7 - 20.9,1309 - 7413,1.82,1.38,11,0.754,4
BIRD,Meliphagidae,Acanthorhynchus tenuirostris,cairnsensis,Eastern Spinebill,ESB,At,11,11.6,10,145,.,.,1,.,16,9,2,5,3,4,1,1,4,6,0,4,1;2,253,0.958,grid,9315.4,4185.4,9388.3,4211.1,200 - 1540,15.7 - 23,1237 - 7408,1.62,1.12,10,0.675,4
BIRD,Accipitridae,Accipiter novaehollandiae,.,Grey Goshawk,GGH,An,515,350,680,550,.,.,0,365,20,9,3,1,1,4,1,1,4,7,0,5,1;3*,78,0.891,grid,22812.1,9715.4,22812.1,9715.4,0 - 1437,16.2 - 24.4,1124 - 6505,0.96,0.53,5,0.618,3c
BIRD,Ptilonorhynchidae,Ailuroedus melanotis,maculosus,Spotted Catbird,CAT,Am,166,179,156,280,.,.,0,.,20,10,2,1,2,3,1,1,4,6,0,5,1;2,703,0.921,grid,15144.9,7846.5,15288,7913.6,10 - 1527,15.8 - 24.5,1186 - 7292,1.21,0.63,13,0.771,4
BIRD,Alcedinidae,Alcedo azurea,azurea,Azure Kingfisher,AZK,Aa,33.8,33.4,34.3,190,.,.,0,365,21,10,5.5,.,3,4,1,2,4,5,0,4,1;3*,90,0.814,grid,29723.5,17501.5,29723.5,17501.5,2 - 1080,18.2 - 24.7,817 - 4157,0.66,0.49,11,0.338,2bc
BIRD,Alcedinidae,Alcedo pusilla,halli,Little Kingfisher,LK,Ap,14.5,15,14,130,.,.,0,365,21,10,5,.,2,4,1,2,4,4,0,4,1;3*,34,0.883,grid,21301.2,10462.3,21331.3,10469.1,1 - 880,19.4 - 24.7,817 - 3727,0.73,0.61,8,0.393,2bc
BIRD,Megapodiidae,Alectura lathami,lathami,Australian Brush Turkey,ABT,Al,2330,2450,2210,700,.,.,0,365,13,11,18,1,2,2,1,2,2,5,0,4,1;2,318,0.895,grid,20359.8,9004.3,20359.8,9004.3,1 - 1449,16.2 - 24.5,877 - 6602,0.94,0.53,14,0.638,4
BIRD,Psittacidae,Alisterus scapularis,minor,Australian King Parrot,KP,aS,212,223,201,425,.,.,1,.,27,10,4.5,1,2,3,1,1,4,7,0,4,1;3,394,0.944,grid,11661.6,4982.4,11661.6,4982.4,20 - 1540,15.7 - 23.9,1202 - 7408,1.4,0.84,11,0.83,4
BIRD,Sturnidae,Aplonis metallica,metallica,Metallic Starling,MSTAR,AM,56,61.6,52.7,250,.,.,0,365,.,10,3,3,3,3,1,1,4,8,0,4,1,198,0.875,target group,14537.5,9707.2,14537.7,9707.2,0 - 1208,17.7 - 24.6,1239 - 4157,1.37,0.81,10,0.458,4
BIRD,Dicruridae,Arses kaupi,kaupi,Pied Monarch,PMON,AK,12.6,12.7,12.5,155,.,.,1,.,4,10,2,1,2,4,1,1,4,5,1,5,1;2,235,0.906,grid,18192.3,8544.3,18332,8591.1,0 - 1183,17.9 - 25,1202 - 3869,0.96,0.6,12,0.735,3c
BIRD,Artamidae,Artamus leucorynchus,leucopygialis,White-breasted Woodswallow,WBWS,Ar,41,41.1,40.8,175,.,.,0,.,9,9,3.5,3,3,4,1,1,4,7,0,3,1;2*,195,0.835,target group,22397.8,10381.9,22397.8,10381.9,0 - 1211,17.8 - 24.6,763 - 4032,0.96,0.76,11,0.562,2c
BIRD,Cacatuidae,Cacatua galerita,galerita,Sulphur-crested Cockatoo,SCC,Cg,789.5,815,764,550,.,.,0,2000,57,10,2,1,1,2,1,1,4,7,0,3,1;3,871,0.647,target group,36551.2,28155.5,36551.2,28155.5,0 - 1437,16.2 - 24.8,814 - 6505,0.82,0.46,15,0.665,3c
BIRD,Cuculidae,Cacomantis castaneiventris,castaneiventris,Chestnut-breasted Cuckoo,CBCUC,Cf,29.5,27,32,220,.,.,0,.,6,7,1,.,2,4,1,1,4,6,0,4,1;2*,6,0.994,target group,6326.1,2030.4,6345.6,2030.4,20 - 612,20.7 - 24.3,2036 - 2397,1.31,407.93,2,0.833,1abcd
BIRD,Cuculidae,Cacomantis flabelliformis,flabelliformis,Fan-tailed Cuckoo,FTCUC,Cv,49.9,49.8,49.9,280,.,.,1,.,6,7,1,.,2,4,3,1,4,8,0,4,1;2,226,0.888,grid,24496,8977,24496,8977,0 - 1507,15.9 - 24.3,828 - 7109,0.88,0.57,13,0.631,3acd
BIRD,Cuculidae,Cacomantis variolosus,dumetorum,Brush Cuckoo,BCUC,AT,32.9,33.7,32.1,230,.,.,1,.,6,7,1,1,3,4,3,1,4,6,0,3,1;2*,132,0.753,target group,35583.8,28927.7,35583.8,28927.7,1 - 1181,18 - 24.6,886 - 3915,0.54,0.45,8,0.348,3b
BIRD,Casuariidae,Casuarius casuarius,johnsonii,Southern Cassowary,CASS,Cc,41375,34100,58500,1750,.,.,0,1460,40,11,4,0.8,2,3,1,3,2,7,0,6,1,771,0.927,grid,18038.4,6949.8,18462,6999.5,0 - 1215,17.7 - 24.9,1227 - 4106,1.44,0.74,16,0.512,3c
BIRD,Columbidae,Chalcophaps indica,rogersi,Emerald Dove,ED,Ci,111,115,107,270,.,.,1,.,12,10,2,.,3,2,1,1,4,6,0,5,1;2,310,0.881,grid,20327.3,10575.7,20327.3,10575.7,2 - 1294,17.4 - 24.6,1059 - 4157,0.88,0.52,13,0.649,4
BIRD,Cuculidae,Chrysococcyx lucidus,plagosus,Shining Bronze-Cuckoo (Golden),SBCUC,LU,23.9,23.3,24.5,180,.,.,0,.,6,8,1,.,2,4,3,1,4,7,0,4,1;2*,232,0.914,grid,13422.5,5693.6,13422.5,5693.6,12 - 1215,17.7 - 24,928 - 4157,1.21,0.7,9,0.768,4
BIRD,Cuculidae,Chrysococcyx minutillus,barnardi,Little Bronze-Cuckoo,LBCUC,MI,18.6,18.6,18.5,170,.,.,0,.,6,8,1,.,2,4,3,1,4,7,0,4,1;2*,44,0.696,target group,30189,13393,30189,13393,0 - 1260,17.5 - 24.8,1039 - 3915,0.73,0.48,7,0.553,2bcd
BIRD,Cuculidae,Chrysococcyx russatus,.,Gould's Bronze-Cuckoo,GBCUC,RU,18.7,18.5,18.8,160,.,.,1,.,6,7,1,.,1,4,3,1,4,6,0,4,1,63,0.894,target group,17878,8268.8,17878,8268.8,0 - 979,18.9 - 24.7,1061 - 4149,1.35,0.81,9,0.3,2acd
BIRD,Apodidae,Collocalia spodiopygius,terraereginae,White-rumped Swiftlet,WRSW,Cs,15,.,.,120,.,.,0,.,12,10,1,2,3,4,1,2,4,5,0,5,1,202,0.892,grid,20632.9,10890.8,20632.9,10890.8,0 - 1317,17.1 - 24.7,924 - 4157,0.99,0.5,11,0.351,3c
BIRD,Pachycephalidae,Colluricincla boweri,.,Bowers Shrike-Thrush,BST,CB,39.1,40.4,37.7,210,.,.,0,.,7,10,2,1,2,4,1,1,4,7,1,6,1,452,0.958,grid,7261.6,3945.8,7286.1,3946.9,55 - 1480,16 - 24,1237 - 6879,1.45,0.93,10,0.82,3d
BIRD,Pachycephalidae,Colluricincla megarhyncha,griseata,Little Shrike-Thrush,LST,CM,33,34.4,31.5,195,.,.,0,.,17,10,2.5,.,3,4,1,1,4,5,0,4,1,698,0.736,target group,28546.2,20973.6,28546.2,20973.6,0 - 1180,17.9 - 24.6,1005 - 4157,0.78,0.51,16,0.608,3d
BIRD,Columbidae,Columba leucomela,.,White-headed Pigeon,WHPIG,Cl,420,421,418,410,.,.,0,365,15,10,1,.,3,3,1,1,4,6,0,5,1;3*,149,0.945,grid,14031.3,4610.3,14031.3,4610.3,18 - 1350,16.7 - 24.5,1241 - 5825,1.25,0.64,7,0.741,3c
BIRD,Campephagidae,Coracina lineata,lineata,Barred Cuckoo-Shrike,BCS,CL,100,.,.,270,.,.,0,.,9,10,1.64,.,2,3,1,1,4,6,0,4,1;2*,279,0.927,grid,13350.4,5801.9,13350.4,5801.9,18 - 1260,17.5 - 24.5,1017 - 3915,1.07,0.73,9,0.809,3c
BIRD,Climacteridae,Cormobates leucophaeus,minor,White-throated Treecreeper,WTTC,Le,16.9,17.3,16.5,155,.,.,1,.,12,10,2.5,1,3,4,1,1,4,5,0,5,1;2,596,0.949,grid,11197.7,5174.8,11197.7,5174.8,20 - 1537,15.7 - 24.3,1202 - 7392,1.44,0.88,10,0.766,4
BIRD,Artamidae,Cracticus quoyi,rufescens,Black Butcherbird,BBUT,Cq,156,160.9,152,380,.,.,0,.,6,10,3,.,2,4,1,1,4,5,0,4,1;2,295,0.808,target group,17292.2,12238.9,17292.2,12238.9,0 - 1200,17.8 - 24.7,1090 - 4157,1.11,0.67,12,0.562,4
BIRD,Cuculidae,Cuculus saturatus,.,Oriental Cuckoo,OCUC,CU,94.8,91.8,97.7,320,.,.,1,365,13,8,.,.,.,4,1,1,4,8,0,3,1,15,0.880,target group,26150.5,6560.5,26150.5,6560.5,7 - 902,19.3 - 24.5,989 - 3091,0.77,1.19,5,0.545,1b
BIRD,Psittacidae,Cyclopsitta diophthalma,macleayana,Double-eyed Fig-Parrot,DEFP,Cd,41,41.8,.,145,.,.,1,274,15,10,2.64,3,2,3,1,1,4,5,0,5,1;4,329,0.784,target group,17473,11125.6,17473.1,11125.6,0 - 1210,17.7 - 24.6,1230 - 4157,1.02,0.61,10,0.648,4
BIRD,Dicaeidae,Dicaeum hirundinaceum,hirundinaceum,Mistletoebird,MTB,Dh,8.5,8.9,8.1,90,.,.,1,.,9,10,3,2,3,3,1,1,4,6,0,3,1;2,663,0.663,target group,33479.8,23878.1,33479.8,23878.1,0 - 1527,15.8 - 24.8,899 - 7292,0.76,0.46,16,0.621,3c
BIRD,Dicruridae,Dicrurus bracteatus,atrabectus,Spangled Drongo,SD,dB,79.6,79.1,80,300,.,.,0,.,8,10,4.5,.,1,4,1,1,4,8,0,3,1;2,505,0.691,target group,36509.5,32666,36509.5,32666,0 - 1211,17.8 - 24.8,814 - 4157,0.65,0.46,13,0.418,3c
BIRD,Columbidae,Ducula bicolor,spilorhoa,Pied Imperial Pigeon,PIPIG,Db,450,468.1,444.1,440,.,.,0,.,14,10,1,3,2,3,1,1,4,8,0,5,1;2,102,0.906,target group,15231.2,5567.3,15231.2,5567.3,0 - 1110,18.1 - 24.6,1005 - 4149,1.44,0.96,8,0.418,3c
BIRD,Estrildidae,Erythrura trichroa,sigillifer,Blue-faced Parrot-Finch,BFPF,Et,13.1,.,.,118,.,.,1,244,3,10,4,3,2,2,1,1,4,5,0,4,1,28,0.969,grid,9440.6,4336.4,9482.4,4336.5,20 - 1140,18.1 - 24.4,1371 - 3151,1.22,1.65,3,0.821,2bc
BIRD,Cuculidae,Eudynamys scolopacea,cyanocephalus,Common Koel,KOEL,Es,226.5,233.2,219.8,410,.,.,1,.,10,.,1,5,2,3,1,1,4,8,0,3,1;2,90,0.808,target group,28237.7,16714.2,28237.7,16714.2,0 - 1110,18.1 - 24.6,938 - 3915,0.42,0.46,8,0.444,2bc
BIRD,Acanthizidae,Gerygone magnirostris,cairnsensis,Large-billed Gerygone,LBGER,Gm,7,7.5,6.7,110,.,.,0,.,4,.,2.4,.,3,4,1,1,4,5,0,3,1;2,88,0.910,target group,12971.4,6446.1,15615.8,6848.6,1 - 840,19.4 - 24.6,1031 - 4149,1.56,1.18,12,0.266,3bc
BIRD,Acanthizidae,Gerygone mouki,mouki,Brown Gerygone,BGER,MA,5.5,5.5,5.5,145,.,.,0,.,9,9,2.5,2,3,4,1,1,4,5,0,6,1;2,615,0.924,grid,16070.6,7717.9,16070.6,7717.9,18 - 1239,17.6 - 24.4,814 - 4157,1.06,0.67,14,0.746,4
BIRD,Acanthizidae,Gerygone palpebrosa,flavida,Fairy Gerygone,FGERS,pf,7.4,7.7,7.1,108,.,.,1,.,4,.,2,.,3,4,1,1,4,4,0,3,1;2,0,.,.,.,.,.,.,.,.,.,.,.,.,.,.
BIRD,Acanthizidae,Gerygone palpebrosa,personata,Fairy Gerygone,FGER,Gp,7.5,7.5,7.5,108,.,.,1,.,4,10,2,.,3,4,1,1,4,4,0,3,1;2,164,0.827,target group,32216.4,20426.8,32216.4,20426.8,0 - 950,19 - 24.8,812 - 3915,0.97,0.57,11,0.473,3c
BIRD,Petroicidae,Heteromyias albispecularis,cinereifrons,Grey-headed Robin,GHR,Ha,35.6,38.5,32.7,195,.,.,0,.,.,10,1.6,1,2,4,1,1,4,4,0,5,1,777,0.939,grid,12913.4,5795.4,12913.4,5795.4,20 - 1540,15.7 - 24.5,1170 - 7408,1.4,0.68,14,0.761,4
BIRD,Apodidae,Hirundapus caudacutus,caudacutus,White-throated Needletail,WTNT,Hc,93.2,97.9,88.5,200,.,.,0,.,20,8,.,.,2,4,1,2,4,7,0,3,1;3*,30,0.812,target group,28454,14147.5,28454,14147.5,3 - 1414,16.4 - 24.4,950 - 5805,0.67,0.51,5,0.385,1b
BIRD,Campephagidae,Lalage leucomela,leucomela/yorki,Varied Triller,VT,EU,32.1,32.2,32,195,.,.,1,.,5,10,1,.,2,3,1,1,4,4,0,3,1;2,519,0.729,target group,26206.1,19915.4,26206.1,19915.4,0 - 1110,18.1 - 24.8,1005 - 4149,0.81,0.51,15,0.505,4
BIRD,Meliphagidae,Lichenostomus frenatus,.,Bridled Honeyeater,BHE,Lf,36.4,36.8,35.9,482,48.1,48.3,0,.,5,10,2.5,.,2,3,1,1,4,6,1,5,1;2,533,0.947,grid,12287.3,4593.5,12287.3,4593.5,20 - 1537,15.7 - 24.5,1170 - 7392,1.45,0.74,13,0.773,4
BIRD,Columbidae,Lopholaimus antarcticus,.,Topknot Pigeon,TPIG,La,500,472,522,450,.,.,0,.,.,10,1,.,2,3,1,1,4,7,0,5,1,216,0.932,grid,15076.4,5112.5,15076.4,5112.5,3 - 1540,15.7 - 24.6,1170 - 7408,1.33,0.65,9,0.692,3c
BIRD,Dicruridae,Machaerirhynchus flaviventer,secundus,Yellow-breasted Boatbill,YBBB,Mf,9.7,9.6,9.8,342,34.5,33.9,0,.,12,10,2,1,2,4,1,1,4,5,0,5,1;2,388,0.900,grid,19300,8627.9,19300,8627.9,5 - 1280,17.4 - 24.6,1202 - 4020,0.88,0.55,11,0.762,4
BIRD,Columbidae,Macropygia amboinensis,robinsoni,Brown Cuckoo-Dove,BPIG,Ma,237,240,233,450,.,.,1,.,15,10,1,.,2,3,1,1,4,6,0,5,1;3*,645,0.908,grid,19279.2,9108.5,19279.2,9108.5,9 - 1372,16.6 - 24.5,1052 - 5493,1.16,0.58,13,0.741,4
BIRD,Megapodiidae,Megapodius reinwardt,castanonotus,Orange-footed Scrubfowl,OFSF,Mr,1015,1030,1000,470,.,.,0,.,.,12,1,6,3,2,1,2,2,4,0,5,1,429,0.776,target group,19144.9,13010.8,19144.9,13010.8,0 - 1362,16.8 - 24.7,1202 - 4901,0.98,0.59,11,0.624,3c
BIRD,Meliphagidae,Meliphaga gracilis,imitatrix,Graceful Honeyeater,GHE,Mg,15,16.5,14.7,155,.,.,0,.,4,10,2,.,3,3,1,1,4,4,0,5,1;2,498,0.818,target group,19632.1,13619.8,19632.1,13619.8,0 - 950,19 - 24.7,1173 - 4149,0.93,0.63,13,0.613,4
BIRD,Meliphagidae,Meliphaga lewinii,mab,Lewin's Honeyeater,LEWHE,ML,32.6,33.5,31.8,200,.,.,0,.,16,10,2,3,3,3,1,1,4,4,0,5,1;2,730,0.929,grid,13204.5,6169.2,13204.5,6169.2,9 - 1300,17.2 - 24.8,989 - 5252,1.24,0.78,11,0.71,4
BIRD,Meliphagidae,Meliphaga notata,mixta,Yellow-spotted Honeyeater,YSHE,Mn,26,27.4,25.3,185,.,.,0,.,9,10,2,.,3,3,1,1,4,4,0,5,1;2,617,0.888,grid,19518.6,10604.5,19518.6,10604.5,0 - 1147,18 - 24.8,893 - 4157,0.92,0.57,16,0.54,4
BIRD,Meropidae,Merops ornatus,.,Rainbow Bee-eater,RBBE,Mo,28,29.8,26.1,235,250,220,1,.,7,9,4.5,2,3,4,1,2,4,7,0,3,1;3*,413,0.700,target group,35185.9,30027.2,35185.9,30027.2,0 - 1280,17.4 - 24.8,814 - 4157,0.55,0.46,12,0.448,3c
BIRD,Dicruridae,Monarcha frater,.,Black-winged Monarch,BWMON,Fr,19,.,.,180,.,.,0,.,12,.,2.5,.,1,4,1,1,4,7,0,4,1;2*,0,.,.,.,.,.,.,.,.,.,.,.,.,.,.
BIRD,Dicruridae,Monarcha leucotis,.,White-eared Monarch,WEMON,mL,12.1,12.4,11.7,150,.,.,0,.,12,10,2.5,1,2,4,1,1,4,4,0,5,1;2*,62,0.860,target group,15272,7731.2,15272,7731.2,0 - 940,19 - 24.5,1226 - 3915,1.06,0.67,5,0.649,2bc
BIRD,Dicruridae,Monarcha melanopsis,.,Black-faced Monarch,BFMON,el,22.6,22.8,22.3,180,.,.,0,.,6,10,2.5,1,2,4,1,1,4,7,0,5,1;2,371,0.927,grid,17044.7,6493.4,17044.7,6493.4,1 - 1527,15.8 - 24.5,1091 - 7292,1.17,0.66,9,0.777,4
BIRD,Dicruridae,Monarcha trivirgatus,melanorrhoa,Spectacled Monarch,SMON,Mt,13,12.7,13.3,155,.,.,0,.,12,10,2.5,1,2,4,1,1,4,7,0,5,1;2,743,0.881,grid,20526.3,10414.7,20526.3,10414.7,0 - 1300,17.3 - 24.8,933 - 4157,0.92,0.52,15,0.704,4
BIRD,Meliphagidae,Myzomela obscura,harterti,Dusky Honeyeater,DUHE,MO,13,13.8,10.7,140,.,.,0,.,12,10,2,2,3,3,1,1,4,5,0,3,1;2,387,0.742,target group,30137.7,20652.5,30137.7,20652.5,0 - 1110,18.1 - 24.8,812 - 4149,0.74,0.51,14,0.54,3c
BIRD,Meliphagidae,Myzomela sanguinolenta,sanguinolenta,Scarlet Honeyeater,SCARHE,MS,7.8,7.9,7.7,100,.,.,1,.,10,10,2,3,3,3,1,1,4,6,0,3,1;2,196,0.790,target group,31193.9,22226,31193.9,22226,7 - 1140,18.1 - 24.3,817 - 3395,0.49,0.54,11,0.407,2c
BIRD,Strigidae,Ninox novaeseelandiae,lurida,Southern Boobook,BOO,Nn,221,215,227,350,.,.,0,365,13,10,2.5,1,1,4,2,1,4,6,0,3,1;2,169,0.792,target group,25123.3,16565.8,25123.3,16565.8,4 - 1443,16.2 - 23.9,828 - 6556,1.19,0.65,8,0.635,3c
BIRD,Strigidae,Ninox rufa,queenslandica,Rufous Owl,ROWL,Nr,1100,1200,1000,570,.,.,0,.,6,10,2,1,1,4,2,1,4,6,0,3,1;3*,19,0.863,target group,31746.1,19400.3,31746.1,19400.3,5 - 1140,18.2 - 24.4,1057 - 2784,1.13,1.06,3,0.611,1b
BIRD,Acanthizidae,Oreoscopus gutturalis,.,Fernwren,FW,Og,16.6,18.6,14.6,140,.,.,0,.,4,10,2,1,2,4,1,1,4,4,1,6,1;2,409,0.964,grid,9165.6,3739.6,9225.1,3752.4,115 - 1540,15.7 - 23.9,1288 - 7408,1.53,0.93,9,0.885,4
BIRD,Oriolidae,Oriolus flavocinctus,kingi,Yellow Oriole,YO,Of,100,110,104,285,.,.,0,365,15,10,2.3,.,2,3,1,1,4,6,0,3,1;3*,174,0.876,target group,12561.7,9124.1,12561.7,9124.1,0 - 900,19.3 - 25,1147 - 4149,1.4,0.84,10,0.316,4
BIRD,Oriolidae,Oriolus sagittatus,sagittatus,Olive-backed Oriole,OBO,OS,95,95.6,94.4,280,.,.,0,365,15,.,3,2,2,3,1,1,4,8,0,3,1;3*,72,0.856,target group,27016.7,19838.8,28481.4,20968.3,3 - 960,19 - 24.5,886 - 4020,0.43,0.5,7,0.444,2bcd
BIRD,Orthonychidae,Orthonyx spaldingii,melasmenus/spaldingii,Chowchilla,CC,Os,156.5,180,135,270,.,.,1,.,14,9,1,1,3,4,1,1,4,5,1,5,1;2,533,0.947,grid,11071.8,5388.2,11119.9,5406.9,20 - 1430,16.3 - 24.5,1227 - 5900,1.37,0.87,11,0.839,4
BIRD,Pachycephalidae,Pachycephala pectoralis,pectoralis,Golden Whistler,GOLDW,CH,23.2,23.9,22.5,175,.,.,1,.,18,10,2,2,2,4,1,1,4,6,0,4,1;2,647,0.941,grid,11894.8,5697.3,11894.8,5697.3,2 - 1527,15.8 - 24.5,1170 - 7292,1.38,0.83,13,0.748,4
BIRD,Pachycephalidae,Pachycephala simplex,peninsulae,Grey Whistler,GREYW,SI,17.5,17.3,16.7,145,.,.,0,.,10,10,2,1,1,4,1,1,4,6,0,3,1;2,227,0.836,target group,23939.1,11717.7,23942.8,11717.7,2 - 1215,17.6 - 24.6,1230 - 4074,1.03,0.61,9,0.634,3b
BIRD,Meliphagidae,Philemon buceroides,yorki,Helmeted Friarbird,HFB,Pb,120,139.3,111,340,.,.,0,.,11,10,3.5,1,2,3,1,1,4,7,0,3,1;2*,256,0.834,target group,25722.4,12255.4,25722.4,12255.4,0 - 1054,18.5 - 24.8,893 - 4149,1.1,0.61,13,0.363,3c
BIRD,Pittidae,Pitta versicolor,intermedia,Noisy Pitta,NPIT,pV,95,99,89,210,.,.,0,.,11,10,2.7,1.5,2,4,1,1,4,7,0,5,1;2*,217,0.889,grid,19372.5,8629.7,19372.5,8629.7,2 - 1160,18 - 24.6,1044 - 3915,0.73,0.53,11,0.725,3c
BIRD,Psittacidae,Platycercus elegans,nigrescens,Crimson Rosella,CROS,Pe,107.5,115,100,350,.,.,0,.,15,10,5.2,1,2,2,1,1,4,5,0,4,1;3,182,0.971,grid,6800.5,2954.5,6800.7,2954.5,360 - 1437,16.2 - 22.5,1321 - 6505,1.67,1.58,9,0.725,4
BIRD,Podargidae,Podargus papuensis,baileyi,Papuan Frogmouth,PFROG,Pp,380,414.3,341,600,.,.,1,.,14,10,1,1,3,4,2,1,4,6,0,4,1;2*,27,0.857,target group,15453.1,8638.1,15453.1,8638.1,4 - 1198,17.8 - 24.6,1356 - 3908,1.08,0.86,6,0.44,2bc
BIRD,Petroicidae,Poecilodryas superciliosa,.,White-browed Robin,WBR,Po,17.5,19.5,16.1,150,.,.,0,.,9,.,2,.,3,4,1,1,4,4,0,4,1;2,19,0.963,target group,22410.4,3640.5,22410.4,3640.5,0 - 691,20.2 - 24,1005 - 1718,0.95,2.49,6,0.231,1b
BIRD,Ptilonorhynchidae,Prionodura newtoniana,.,Golden Bowerbird,GOLDBB,Pn,75,73,84,250,.,.,1,.,21,11,1.8,1,2,3,1,3,4,5,1,6,1,153,0.982,grid,5523.5,1667.8,5583.4,1672.8,464 - 1540,15.7 - 21.4,1253 - 7408,1.89,1.78,7,0.895,4
BIRD,Eupetidae,Psophodes olivaceus,lateralis,Eastern Whipbird,EWB,Ol,62.8,68,57.5,260,48.4,47,1,.,12,10,2,1.5,3,4,1,1,4,5,0,5,1;2,691,0.936,grid,14095.5,6973.3,14182.3,6997.9,20 - 1540,15.7 - 24.4,1202 - 7413,1.33,0.71,14,0.75,4
BIRD,Columbidae,Ptilinopus magnificus,keri,Wompoo Fruit-Dove,WOMP,Pm,448,470,428,450,.,.,0,.,15,10,1,1,3,3,1,1,4,6,0,5,1;2;3*,566,0.906,grid,19774.2,9211.8,19774.2,9211.8,9 - 1246,17.6 - 24.6,1137 - 4141,1,0.58,13,0.74,4
BIRD,Columbidae,Ptilinopus regina,regina,Rose-crowned Fruit-Dove,RCFD,Pr,102.1,110.3,93.8,240,.,.,0,.,15,10,1,.,2,3,1,1,4,7,0,5,1;2;3*,102,0.818,target group,17278.9,9551.6,17278.9,9551.6,0 - 1090,18.2 - 24.7,1028 - 3675,0.93,0.59,10,0.656,3c
BIRD,Columbidae,Ptilinopus superbus,superbus,Superb Fruit-Dove,SFD,PS,110,104.1,110.6,240,.,.,1,.,15,10,1,.,3,3,1,1,4,7,0,5,1;2;3*,508,0.769,target group,16316.5,9260.8,16316.5,9260.8,8 - 1540,15.7 - 24.5,1131 - 7413,1.11,0.54,11,0.808,4
BIRD,Ptilonorhynchidae,Ptilonorhynchus violaceus,minor,Satin Bowerbird,SATBB,PV,180,187,174,280,.,.,1,2372,24,11,1.8,1.5,2,3,1,3,4,6,0,5,1;2,156,0.979,grid,6677.7,1761.7,6677.7,1761.7,267 - 1490,16 - 22.7,1356 - 6950,1.81,1.48,8,0.84,4
BIRD,Paradisaeidae,Ptiloris victoriae,.,Victoria's Riflebird,VRIF,VI,95,105,86,250,.,.,1,2007,9,11,2,2,2,3,1,1,4,5,1,5,1;2,643,0.923,grid,15118.2,7705.2,15118.2,7705.2,20 - 1280,17.2 - 24.5,1170 - 4032,1.15,0.67,12,0.801,4
BIRD,Rallidae,Rallina tricolor,robinsoni,Red-necked Crake,RNCR,Rt,210,214,194,290,.,.,0,.,11,10,5,1,2,4,1,3,5,5,0,5,1;2*,53,0.863,target group,19683.6,9443.9,19683.6,9443.9,13 - 943,19.2 - 24.5,1297 - 4032,1.08,0.69,5,0.462,3b
BIRD,Meliphagidae,Ramsayornis fasciatus,fasciatus,Bar-breasted Honeyeater,BARBHE,rf,12.5,13.2,12.3,140,.,.,0,.,.,.,2,.,3,3,1,1,4,5,0,3,1,0,.,.,.,.,.,.,.,.,.,.,.,.,.,.
BIRD,Dicruridae,Rhipidura fuliginosa,keasti,Grey Fantail,GFAN,RF,8.6,8.5,8.9,155,26,25.4,0,.,9,10,2.5,3,2,4,1,1,4,4,0,3,1;2,761,0.699,target group,35438.4,20964.4,35438.4,20964.4,0 - 1346,16.7 - 24.8,715 - 5372,1,0.52,15,0.675,3c
BIRD,Dicruridae,Rhipidura rufifrons,intermedia,Rufous Fantail,RFAN,UF,10,10.4,9.2,160,.,.,0,.,9,10,2.5,2,3,4,1,1,4,7,0,4,1;2*,424,0.710,target group,26155.9,16516.5,26155.9,16516.5,0 - 1437,16.2 - 24.5,973 - 6505,0.99,0.51,12,0.694,3c
BIRD,Ptilonorhynchidae,Scenopoeetes dentirostris,.,Tooth-billed Bowerbird,TBBB,Sd,170,157,182,300,.,.,0,1460,16,11,1.82,1,2,2,1,3,4,5,1,6,1;2,395,0.965,grid,7515.5,3547.4,7515.6,3547.4,70 - 1362,16.6 - 23.7,1170 - 5447,1.45,1.03,9,0.85,4
BIRD,Cuculidae,Scythrops novaehollandiae,novaehollandiae,Channel-billed Cuckoo,CBILCUC,SN,684.1,708.2,660,700,.,.,0,.,8,7,4,.,2,3,1,1,4,9,0,3,1;2,78,0.805,target group,31580.2,22206.5,31580.2,22206.5,0 - 1110,18.1 - 24.6,812 - 4074,0.25,0.56,5,0.466,3bc
BIRD,Acanthizidae,Sericornis citreogularis,cairnsi,Yellow-throated Scrubwren,YTSW,Sc,16.2,16.9,15.6,140,141.3,137.7,1,.,17,10,2.5,2,3,4,1,1,4,4,0,5,1;2,438,0.959,grid,8447.1,3962.2,8447.1,3962.2,115 - 1537,15.7 - 23.9,1170 - 7392,1.46,0.98,9,0.837,4
BIRD,Acanthizidae,Sericornis frontalis,laevigaster,White-browed Scrubwren,WBSW,Sf,12.3,13.1,11.5,125,.,.,1,.,18,.,3,3,3,4,1,1,4,4,0,4,1;2,67,0.962,grid,12291.4,3271.3,12291.4,3271.3,60 - 1168,17.6 - 23.6,1170 - 2635,1.24,2.31,7,0.446,2ac
BIRD,Acanthizidae,Sericornis keri,.,Atherton Scrubwren,ASW,Sk,11.9,12,10.8,135,.,.,0,.,17,9,2,1,2,4,1,1,4,4,1,6,1;2*,166,0.971,grid,7985.5,2654.3,8211.3,2654.3,133 - 1480,16 - 23.8,1282 - 6879,1.71,1.39,7,0.825,3ad
BIRD,Acanthizidae,Sericornis magnirostris,viridor,Large-billed Scrubwren,LBSW,Sm,9.7,9.9,9.5,115,.,.,0,.,16,9,3,.,3,4,1,1,4,4,0,5,1;2,742,0.910,grid,17052.4,9112.7,17052.4,9112.7,2 - 1540,15.7 - 24.6,1170 - 7413,1.18,0.56,13,0.757,4
BIRD,Oriolidae,Sphecotheres viridis,ashbyi/flaviventris,Figbird,FIG,Sv,120,119.8,124,280,.,.,1,.,17,9,2.7,2,3,3,1,1,4,6,0,4,1;2,387,0.889,grid,22665,12782.5,22665,12782.5,0 - 1110,18.1 - 24.8,886 - 4157,0.77,0.51,14,0.335,3c
BIRD,Artamidae,Strepera graculina,robinsoni,Pied Currawong,CURR,Sg,240,270,220,480,.,.,0,.,25,10,3,1,2,3,1,1,4,7,0,4,1;2,420,0.897,grid,22028,6419.5,22028,6419.5,4 - 1540,15.7 - 24.5,828 - 7413,1.42,0.61,12,0.655,3c
BIRD,Halcyonidae,Tanysiptera sylvia,sylvia,Buff-breasted Paradise-Kingfisher,BBPK,SY,50,49.4,50.3,330,360,300,1,.,9,10,4,1,1,4,1,2,4,8,0,5,1;2,94,0.911,grid,16309.2,6139.9,16311.8,6139.9,0 - 934,19 - 24.7,1087 - 3915,0.95,0.65,6,0.633,2b
BIRD,Petroicidae,Tregellasia capito,nana,Pale-yellow Robin,PYR,Tr,14,14.2,12.8,135,.,.,0,.,13,9,2,1.5,3,4,1,1,4,4,0,5,1;2,529,0.899,grid,19600.5,9207.7,19600.5,9207.7,9 - 1294,17.4 - 24.4,920 - 4047,0.91,0.57,14,0.744,4
BIRD,Psittacidae,Trichoglossus chlorolepidotus,.,Scaly-breasted Lorikeet,SBL,Tc,86.9,88.4,85.3,240,.,.,0,.,16,10,2,3,3,3,1,1,4,7,0,3,1;3*,363,0.739,target group,32161.1,20518,32161.1,20518,0 - 1300,17.3 - 24.6,893 - 4047,0.73,0.51,15,0.572,3c
BIRD,Psittacidae,Trichoglossus haematodus,mollucanus,Rainbow Lorikeet,RL,Th,130,135,128,300,.,.,0,.,16,10,2,2,3,3,1,1,4,7,0,4,1;3,744,0.637,target group,36462.3,33911.4,36462.3,33911.4,0 - 1294,17.2 - 24.9,812 - 5252,0.54,0.43,14,0.483,4
BIRD,Tytonidae,Tyto multipunctata,multipunctata,Lesser Sooty Owl,LSOWL,MP,495,370,560,365,350,380,0,365,34,9,2,1,3,4,2,1,4,5,1,5,1;3*,112,0.928,grid,16336.6,6166.9,16349.7,6166.9,23 - 1215,17.7 - 24.3,1202 - 4677,1.21,0.73,7,0.795,3ac
BIRD,Meliphagidae,Xanthotis macleayana,.,Macleay's Honeyeater,MACHE,Xm,32.8,39,32.4,200,.,.,0,.,8,10,2,1,2,3,1,1,4,4,1,5,1;2,510,0.892,grid,19922.1,9869,20029.8,9899.8,2 - 1198,17.5 - 24.7,1202 - 4901,0.92,0.57,14,0.682,4
BIRD,Muscicapidae,Zoothera heinei,.,Russet-tailed Thrush,RUSTTH,Zh,85,82.4,82,260,.,.,0,.,8,.,2,.,2,4,1,1,4,7,0,6,1;2*,0,.,.,.,.,.,.,.,.,.,.,.,.,.,.
BIRD,Muscicapidae,Zoothera lunulata,cuneata,Bassian Thrush,BASTH,Zl,100,104,99,275,.,.,0,.,8,10,2,1.5,2,4,1,1,4,5,0,5,1;2*,50,0.976,grid,6241.3,2421.6,6241.3,2421.6,600 - 1480,16 - 20.8,1270 - 6879,1.64,1.77,4,0.9,2abd
BIRD,Zosteropidae,Zosterops lateralis,vegetus/ramsayi,Silvereye,SE,ZL,11.4,11.8,11,120,.,.,0,.,19,10,3,3,3,3,1,1,4,6,0,4,1;2,511,0.729,target group,25333.6,18214.6,25333.6,18214.6,0 - 1500,15.9 - 24.6,1044 - 7067,0.81,0.49,17,0.647,3c
FROG,Microhylidae,Austrochaperina fryi,.,Cricket Chirper,AUSFRYI,Af,2.4,2.3,2.9,27.8,27.9,26.7,0,730,.,0,12,.,1,4,2,2,2,2,1,5,5; 6; 7,352,0.980,grid,5205.3,1950.8,5667.5,1979,0 - 1302,17.2 - 24.6,1362 - 3555,1.5,1.7,9,0.822,4
FROG,Microhylidae,Austrochaperina pluvialis,.,White-browed Chirper,AUSPLUV,Ap,1.1,1.1,.,23.1,23.1,.,0,730,.,0,10,.,1,4,2,2,2,2,1,5,5; 6; 7,216,0.930,grid,12241.6,7109.3,12516.2,7117.7,10 - 1293,17.4 - 24.6,1289 - 4157,1.08,0.83,7,0.755,4
FROG,Microhylidae,Austrochaperina robusta,.,Pealing Chirper,AUSROBU,Ar,1.7,1.7,1.6,25.6,25.4,25.8,0,730,.,0,12,.,1,4,2,2,2,2,1,5,5; 6; 7,558,0.960,grid,9707.2,4231.6,11517.4,4728.2,26 - 1517,15.8 - 23.7,1242 - 7212,1.58,1.17,11,0.802,4
FROG,Bufonidae,Bufo marinus,.,Cane Toad,BUFMARI,.,.,.,.,150,.,.,.,365,25,1,15000,2,2,4,2,2,2,5,0,3,3; 5; 6; 7,0,.,.,.,.,.,.,.,.,.,.,.,.,.,.
FROG,Microhylidae,Cophixalus aenigma,.,Tapping Nursery-Frog,COPAENI,Ca,0.6,0.5,.,19.2,18.7,.,0,730,.,0,8,.,1,4,2,2,2,2,1,6,5; 6; 7,165,0.994,grid,1158.5,409.6,2567.1,703.8,372 - 1317,17.1 - 22,1477 - 3550,2.02,5.41,6,0.709,4
FROG,Microhylidae,Cophixalus bombiens,.,Windsor Nursery-Frog,COPBOMB,Cb,0.3,0.3,0.4,13.6,13.4,14.8,0,730,.,0,7,.,1,4,2,2,2,2,1,5,5; 6; 7,74,0.990,grid,3453.7,878.4,4509.7,920.9,42 - 1280,17.4 - 24.4,1851 - 3320,1.66,4.18,5,0.811,2abcd
FROG,Microhylidae,Cophixalus concinnus,.,Beautiful Nursery-Frog,COPCONC,Cc,1.2,1.2,.,22,22,.,0,730,.,0,17,.,1,4,2,2,2,2,1,6,5; 6; 7,26,1.000,grid,163.8,12.9,1252.5,16.1,913 - 1279,17.3 - 19.2,2756 - 3456,2.53,76.73,5,0.692,4
FROG,Microhylidae,Cophixalus exiguus,.,Bloomfield Nursery-Frog,COPEXIG,Cx,0.4,0.4,.,15.3,15.1,.,0,730,.,0,9,.,1,4,2,2,2,2,1,5,5; 6; 7,17,0.999,grid,917.3,122.6,2148.1,246.4,320 - 700,20.4 - 22.5,2226 - 2939,1.69,25.18,1,1,2abd
FROG,Microhylidae,Cophixalus hosmeri,.,Pipping Nursery-Frog,COPHOSM,CH,0.3,0.2,.,13.2,12.7,.,0,730,.,0,7,.,1,4,2,2,5,2,1,6,5; 6; 7,88,0.996,grid,429.1,242.3,1830.5,491.3,704 - 1302,17.2 - 20.5,1429 - 3008,2,23.28,3,0.943,4
FROG,Microhylidae,Cophixalus infacetus,.,Buzzing Nursery-Frog,COPINFA,Ci,0.5,0.5,.,14.8,14.7,18.8,0,730,.,0,11,.,1,4,2,2,2,2,1,6,5; 6; 7,163,0.960,grid,8766,3641.5,10591.1,3752.2,20 - 1037,18.4 - 24.3,1583 - 4157,1.45,1.11,7,0.908,3ac
FROG,Microhylidae,Cophixalus mcdonaldi,.,Southern Nursery-Frog,COPMCDO,Cm,1.1,.,.,20.9,20,.,.,730,.,0,17,.,1,4,2,2,2,2,1,5,5; 6; 7,2,0.968,grid,162.2,162,18458,6218.3,465 - 780,19.7 - 21.4,1170 - 1459,.,.,.,.,3b
FROG,Microhylidae,Cophixalus monticola,.,Mountain Top Nursery-Frog,COPMONT,CM,0.6,0.6,.,18.2,18.2,.,0,730,.,0,11,.,1,4,2,2,2,2,1,6,5; 6; 7,18,1.000,grid,202.5,81.5,644.4,112.5,1134 - 1240,17.6 - 18.1,2469 - 2758,2.3,441.75,1,1,3bc
FROG,Microhylidae,Cophixalus neglectus,.,Tangerine Nursery-Frog,COPNEGL,Cn,1.8,.,.,24,21.2,24.6,0,730,.,0,22,.,1,4,2,2,2,2,1,6,5; 6; 7,62,1.000,grid,244.1,66,1385.5,67,765 - 1585,15.5 - 19.7,3437 - 7417,3.45,13.06,4,0.548,4
FROG,Microhylidae,Cophixalus ornatus,.,Common Nursery-Frog,COPORNA,Co,1,1,1.3,22.6,22.6,24.7,0,1460,14,0,16,.,1,4,2,2,2,2,1,5,5; 6; 7; 8,944,0.939,grid,11745,5989.7,13357.4,6500.1,15 - 1512,15.9 - 24.3,1219 - 7036,1.46,0.87,12,0.77,4
FROG,Myobatrachidae,Limnodynastes peronii,.,Striped Marshfrog,LIMPERO,Lp,20,.,.,65,.,.,0,365,.,1,850,.,2,4,2,2,6,3,0,3,5; 6; 7,116,0.843,target group,26070.9,16772.4,26077.2,16772.4,15 - 1194,17.6 - 23.9,866 - 4081,0.97,0.68,7,0.402,2c
FROG,Hylidae,Litoria fallax,.,Eastern Sedgefrog,LITFALL,RU,0.9,.,.,25,.,.,0,365,.,1,695,.,2,4,1,3,6,3,0,3,5; 6; 7,84,0.840,target group,34943.6,27884.3,34943.6,27884.3,0 - 1065,18.3 - 24.5,838 - 3726,0.42,0.47,8,0.357,3bc
FROG,Hylidae,Litoria genimaculata,.,Green-eyed Treefrog,LITGENI,Ge,15,4.7,22.6,60,42.9,68.8,0,730,16,1,843,.,2,4,2,2,6,3,1,5,5; 6; 7,486,0.899,grid,16306.5,9598.2,16365.4,9604.2,11 - 1443,16.2 - 24.6,1111 - 6556,1.09,0.58,13,0.68,4
FROG,Hylidae,Litoria infrafrenata,.,White-lipped Treefrog,LITINFR,Li,.,.,.,110,.,.,.,730,.,1,4100,.,2,4,2,3,6,3,0,4,5; 6; 7,62,0.899,grid,22465.7,10214.8,22488.9,10214.8,4 - 1013,18.8 - 24.9,1057 - 4157,1.24,0.7,7,0.441,4
FROG,Hylidae,Litoria jungguy,.,.,LITJUNG,Lj,11.1,6.3,22.2,46,41,59.1,0,365,11,1,1200,.,2,4,1,3,6,3,1,5,.,191,0.940,grid,7115.3,6963.7,7166.8,6985.8,14 - 1431,16.3 - 24.7,981 - 5879,0.98,0.55,7,0.926,2de
FROG,Hylidae,Litoria lorica,.,Armoured Mistfrog,LITLORI,LL,.,.,.,35.2,33.1,37.3,.,730,.,1,163,.,.,4,2,3,6,3,1,6,5; 6; 7,3,0.971,grid,3736.7,3009.1,19340.2,8924.4,240 - 1302,17.2 - 23,2584 - 3008,.,.,1,1,1abd
FROG,Hylidae,Litoria nannotis,.,Waterfall Frog,LITNANN,NA,10.1,8.4,11.9,50.3,47,53.6,0,730,.,2,176,.,3,4,2,2,6,3,1,5,5; 6; 7,166,0.902,grid,15443.2,9190.5,15504.9,9191.6,60 - 1214,17.7 - 24.2,1079 - 4157,0.98,0.61,8,0.59,4
FROG,Hylidae,Litoria nyakalensis,.,Mountain Mistfrog,LITNYAK,Ny,.,.,.,31.6,31.6,.,.,730,.,1,88,.,2,4,2,2,6,3,1,6,5; 6; 7,28,0.920,grid,15015.2,6573,15015.2,6573,10 - 1015,18.6 - 23.9,1211 - 3846,1.14,1.2,6,0.429,2ab
FROG,Hylidae,Litoria revelata,.,Whirring Treefrog,LITREVE,re,.,.,.,35,.,.,.,365,.,1,787,.,2,4,2,2,6,3,0,5,5; 6; 7,9,0.983,grid,5726.6,2804.2,8004.5,3215.6,768 - 1194,17.6 - 19.8,1323 - 2850,1.82,37.61,3,0.429,2abc
FROG,Hylidae,Litoria rheocola,.,Common Mistfrog,LITRHEO,Rh,2.3,2.2,3.1,33.9,31.5,36.3,0,730,.,2,109,.,3,4,2,2,6,3,1,6,5; 6; 7,236,0.909,grid,14129.8,8276,14129.9,8276,15 - 1122,18.2 - 24.6,953 - 4168,1.22,0.8,9,0.708,4
FROG,Hylidae,Litoria xanthomera,.,Northern Orange-eyed Treefrog,LITXANT,Lx,6.9,6.9,.,47.2,47.2,.,0,730,.,1,1526,.,2,4,2,2,6,3,1,4,5; 6; 7,117,0.913,grid,18376,8254.1,18473.3,8286.6,36 - 1300,17.3 - 24.4,953 - 3519,1.09,0.65,6,0.748,4
FROG,Myobatrachidae,Mixophyes Carbinensis,.,.,MIXCARB,Mcarb,38.6,32.9,55.6,68.1,64.9,77.7,0,.,.,1,.,.,2,4,2,3,6,3,1,.,21,26,0.991,grid,1535.2,652.6,2994.7,785.1,669 - 1244,17.6 - 20.7,1405 - 2672,1.78,18.69,2,0.808,3ad
FROG,Myobatrachidae,Mixophyes Coggeri,.,.,MIXCOGG,Mcog,76,69.9,91.1,88.3,86.1,93.2,0,.,.,1,.,.,2,4,2,3,6,3,1,.,21,56,0.934,grid,12548.9,5311,12665.1,5350.9,11 - 1109,18.2 - 24.6,1118 - 3751,0.84,0.75,7,0.574,2bcd
FROG,Myobatrachidae,Mixophyes schevilli,.,Northern Barred Frog,MIXSCHE,Mc,53.1,48.8,63.7,74.7,66,75,0,730,16,1,426,.,2,4,2,3,6,3,1,5,5; 6; 7; 9,70,0.930,grid,13553.9,4780.2,14136.4,4827,26 - 1437,16.2 - 23.5,889 - 6505,1.37,0.76,6,0.79,2acd
FROG,Hylidae,Nyctimystes dayi,.,Australian Lace-lid,NYCDAYI,Nd,6.4,2.6,10.2,47.2,37.2,57.2,0,730,11,2,107,.,2,4,2,2,6,3,1,5,5; 6; 7,180,0.895,grid,16564.2,8620.1,16705.5,8628.5,18 - 1214,17.7 - 24.5,953 - 4168,1.16,0.63,7,0.624,3bc
FROG,Ranidae,Rana daemeli,.,Australian Bullfrog,RANDAEM,Rd,7.8,.,.,60,.,.,0,365,8,1,3000,.,2,4,2,3,6,3,0,4,3; 5; 6; 7,59,0.902,grid,20859.5,8304.8,20956.6,8323.1,10 - 618,20.9 - 24.7,917 - 3987,1.18,1.21,7,0.407,3bc
FROG,Myobatrachidae,Taudactylus acutirostris,.,Sharp-snouted Dayfrog,TAUACUT,Ta,1.1,0.8,1.3,22.6,20.6,24.6,.,365,.,1,32.5,.,3,4,2,2,6,3,1,6,5; 6; 7,77,0.938,grid,12203.7,3485.9,12627.9,3503.5,33 - 1302,17.2 - 23.8,1174 - 4405,1.53,0.93,7,0.776,3abc
FROG,Myobatrachidae,Taudactylus rheophilus,.,Northern Tinkerfrog,TAURHEO,Tr,1.8,.,.,28,26.1,28.5,0,365,.,2,42.5,.,3,4,1,2,3,3,1,6,5; 6; 7,18,0.992,grid,3903.9,867.4,4437.4,868.7,704 - 1527,15.8 - 20.5,1429 - 7292,2.08,9.4,3,0.778,2abc
MAMM,Dasyuridae,Antechinus adustus,.,Rusty Antechinus,ANTADUS,Aa,30.5,33,28,100,.,.,0,285,2,6,6,1,1,4,1,2,2,2,1,6,10; 11,36,0.987,grid,4781.4,1290.5,4785.3,1290.5,557 - 1034,18.7 - 21,1554 - 2627,1.48,3.07,3,0.917,3abc
MAMM,Dasyuridae,Antechinus flavipes,rubeculus,Yellow-footed Antechinus,ANTFLAV,i2,45,56,34,113,121,105,0,345,4,6,8.4,1,1,4,1,2,2,3,0,4,3; 10 ;11,69,0.924,grid,18733.5,5368.6,18737.9,5368.6,40 - 1229,17.7 - 24.2,1246 - 3482,1.22,0.79,8,0.435,3ab
MAMM,Dasyuridae,Antechinus godmani,.,Atherton Antechinus,ANTGODM,AG,76.5,95,58,132.5,143,122,0,330,2,6,6,1,1,4,1,1,1,3,1,6,10; 11,28,0.984,grid,5496.2,2689.4,5902.8,2792.1,644 - 1540,15.7 - 20.4,1707 - 7413,1.76,2.78,5,0.821,2ab
MAMM,Canidae,Canis lupus dingo,dingo,Dingo,CANLUPU,Cd,18000,.,.,.,.,.,0,671,14,5,5,1,1,4,2,3,2,8,0,3,3; 10; 12; 13,55,0.694,target group,34608.9,23387.3,34608.9,23387.3,2 - 1437,16.2 - 24.5,828 - 6505,1.01,0.5,7,0.571,2bcd
MAMM,Burryamyidae,Cercartetus caudatus,macrurus,Long-tailed Pygmy Possum,CERCAUD,cC,30,.,30,106,.,.,0,460,10,5,3,2,2,3,2,1,1,3,0,6,3*; 10 ;11,19,0.973,grid,8814,3608.5,8961.2,3614,10 - 1100,18.3 - 24.6,1718 - 4133,1.4,1.81,3,0.737,3ab
MAMM,Petauridae,Dactylopsila trivirgata,.,Striped Possum,DACTRIV,Dt,441.5,460,423,263,.,.,0,600,10,5,2,1,2,3,2,1,1,5,0,5,3; 10 ;11,75,0.876,grid,22561.3,9590.8,22561.3,9590.8,3 - 1181,18 - 24.5,928 - 4051,1.03,0.52,8,0.554,3bc
MAMM,Dasyuridae,Dasyurus maculatus,gracilis,Spotted-tailed Quoll,DASMACU,D2,5500,7000,4000,779.5,759,800,.,365,7,6,5,1,2,3,2,2,2,7,0,5,3; 10 ;11,124,0.974,grid,7728.2,2187.7,7728.2,2187.7,20 - 1494,16 - 24.5,1642 - 6995,1.82,1.33,6,0.79,3a
MAMM,Macropodidae,Dendrolagus bennettianus,.,Bennett's Tree-kangaroo,DENBENN,Be,12150,13700,10600,727.5,750,705,.,730,20,5,1,0.5,2,1,2,2,1,6,1,6,3*; 10 ;11; 12*,17,0.983,grid,3070.3,1864,7643.1,3213.6,20 - 1260,17.5 - 24.5,1982 - 3576,1.41,3.02,5,0.588,3ab
MAMM,Macropodidae,Dendrolagus lumholtzi,.,Lumholtz's Tree-kangaroo,DENLUMH,Lu,6750,7500,6000,572.5,591,554,0,720,20,5,1,0.5,3,1,2,2,1,6,1,6,3*; 10 ;11; 12*,109,0.970,grid,8781.1,2578.4,10003.9,2718.4,19 - 1437,16.2 - 24.4,1265 - 6505,1.59,1.3,9,0.606,3c
MAMM,Pseudocheiridae,Hemibelideus lemuroides,.,Lemuroid Ringtail Possum,HEMLEMU,Hl,952.5,925,980,343,344,342,0,480,5,5,1,1,2,1,2,1,1,4,1,6,3; 10 ;11; 12,143,0.980,grid,4365.2,1887.7,4930.1,2019.4,520 - 1222,17.6 - 21.1,1438 - 3252,1.74,2.64,6,0.86,4
MAMM,Hipposideridae,Hipposideros cervinus,cervinus,Fawn leafnosed bat,HIPCERV,Hc,9,.,.,55,.,.,.,.,12,5,1,1,1,4,2,2,4,6,0,3,3*; 10; 12*,0,.,.,.,.,.,.,.,.,.,.,.,.,.,.
MAMM,Hipposideridae,Hipposideros semoni,.,Semon's leafnosed bat,HIPSEMO,Hs,16,.,.,50,.,.,.,.,12,5,1,1,.,4,2,2,4,6,0,3,3*; 10; 12*,0,.,.,.,.,.,.,.,.,.,.,.,.,.,.
MAMM,Potoroidae,Hypsiprymnodon moschatus,.,Musky Rat-kangaroo,HYPMOSC,HM,520,529,511,231.5,230,233,0,635,6,5,2.1,1,3,2,1,2,2,4,1,6,10; 11; 14,120,0.947,grid,13195.3,5212.1,14032.7,5217.5,20 - 1283,17.4 - 24.5,1221 - 4032,1.43,1.38,9,0.808,3c
MAMM,Vespertilionidae,Kerivoula papuensis,.,Golden-tipped bat,PHOPAPU,Kp,6,.,.,60,.,.,.,.,3,5,.,.,2,4,2,2,4,6,0,3,2; 10,0,.,.,.,.,.,.,.,.,.,.,.,.,.,.
MAMM,Pteropodidae,Macroglossus minimus,.,Northern blossom bat,MACMINI,Mm,13,14,12,61,.,.,.,.,.,5,1,2,2,3,2,2,4,6,0,3,3; 10; 11; 12,0,.,.,.,.,.,.,.,.,.,.,.,.,.,.
MAMM,Muridae,Melomys cervinipes,eboreus,Fawn-footed Melomys,MELCERV,Mc,65.5,70.4,60.5,175,200,150,0,225,5,5,2.5,1.3,3,1,2,2,5,3,0,4,10; 11,231,0.895,grid,19486.3,7721.3,19488,7721.3,0 - 1443,16.2 - 24.8,1023 - 6556,0.99,0.56,15,0.594,3c
MAMM,Vespertilionidae,Miniopterus australis,.,Little bentwing bat,MINAUST,Ms,7.5,.,.,48,.,.,.,.,20,5,1,1,1,4,2,2,4,6,0,3,2*; 10,0,.,.,.,.,.,.,.,.,.,.,.,.,.,.
MAMM,Vespertilionidae,Miniopterus schreibersii,oceanensis,Common bentwing bat,MINSCHR,Ma,17,.,.,58,.,.,.,400,22,5,1,1,1,4,2,2,4,6,0,3,2; 10,0,.,.,.,.,.,.,.,.,.,.,.,.,.,.
MAMM,Vespertilionidae,Murina florium,.,Flute-nosed bat,MURFLOR,Mf,8,.,.,57,.,.,.,.,.,5,1.5,.,2,3,2,2,4,6,0,5,2; 10,12,0.934,grid,12768.1,4158.6,12768.1,4158.6,240 - 1140,18.1 - 22.8,1786 - 2389,1.48,14.11,2,0.833,1b
MAMM,Vespertilionidae,Myotis adversus,moluccarum,Large-footed myotis,MYOADVE,MY,10,.,.,54,.,.,.,.,20,5,2,2.5,3,4,2,2,4,6,0,3,3; 10; 12,4,0.944,target group,34823.2,25891.1,34823.2,25891.1,179 - 657,20.6 - 22.9,1261 - 3307,.,.,3,0.5,1b
MAMM,Pteropodidae,Nyctimene robinsoni,.,Eastern tubenosed bat,NYCROBI,Nr,49.9,49.2,50.6,105,.,.,.,.,.,5,1,1,2,3,2,2,4,7,0,4,10,75,0.908,grid,18527.6,8182.1,18527.6,8182.1,20 - 1081,18.3 - 24.5,1137 - 4157,1,0.59,4,0.77,3ac
MAMM,Vespertilionidae,Nyctophilus bifax,bifax,Northern longeared bat,NYCBIFA,Nb,12,.,.,55,.,.,.,.,4,5,2,1,2,4,2,2,4,6,0,3,2*; 10,0,.,.,.,.,.,.,.,.,.,.,.,.,.,.
MAMM,Vespertilionidae,Nyctophilus gouldi,.,Gould's longeared bat,NYCGOUL,Ng,11,.,.,58,.,.,.,.,4,5,2,1,2,4,2,2,4,6,0,3,2; 10,0,.,.,.,.,.,.,.,.,.,.,.,.,.,.
MAMM,Peramelidae,Perameles nasuta,pallescens,Long-nosed Bandicoot,PERNASU,PN,975,1090,859,367,.,.,0,150,7,5,3,6.9,3,3,2,2,2,5,0,5,3; 10; 12,228,0.903,grid,19617.4,8389.6,19624.4,8389.7,0 - 1294,17.4 - 24.5,1127 - 4677,1.14,0.67,14,0.628,3c
MAMM,Muridae,Pogonomys mollipilosus,.,Prehensile-tailed Rat,POGMOLL,Pm,63,57,69,139.5,144,135,0,.,3,5,2.5,1,2,2,2,1,1,3,0,6,3*; 10,7,0.846,grid,19175.5,10830.5,32759.5,14734.4,340 - 1073,18.5 - 22.6,1347 - 3246,0.92,5.75,3,0.571,1b
MAMM,Pseudocheiridae,Pseudochirops archeri,.,Green Ringtail Possum,PSEARCH,ar,1091.5,1064,1119,344,335,353,0,480,10,5,1,1,2,1,2,2,1,4,1,6,3*; 10; 11; 12*,169,0.961,grid,7689.7,3559.5,7711.9,3567.3,103 - 1220,17.7 - 24,1257 - 3266,1.46,1.26,6,0.822,3ac
MAMM,Pseudocheiridae,Pseudochirulus cinereus,.,Daintree River Ringtail Possum,PSECINE,Pc,1000,1092,908,352.5,353,352,0,480,10,5,2,1,3,1,2,1,1,4,1,6,3*; 10; 11; 12*,155,0.995,grid,1705.4,529.4,3363.5,630.6,419 - 1260,17.5 - 22.1,1274 - 2759,1.77,7.2,4,0.916,3ac
MAMM,Pseudocheiridae,Pseudochirulus herbertensis,.,Herbert River Ringtail Possum,PSEHERB,pH,1113.5,1177,1050,357,370,344,0,480,10,5,2,1.1,2,1,2,1,1,4,1,6,3*; 10; 11; 12*,172,0.974,grid,5011.7,2698.6,6282.3,2845,436 - 1443,16.2 - 21.5,1246 - 6556,1.59,1.86,6,0.843,4
MAMM,Pteropodidae,Pteropus alecto,.,Black flying-fox,PTEALEC,Pa,600,.,.,250,.,.,.,365,20,5,1,1,1,3,2,3,4,7,0,3,2; 3; 10,8,0.935,target group,29733.3,16607.5,29733.3,16607.5,0 - 388,21.8 - 24,817 - 3004,0.77,41.46,3,0.333,1b
MAMM,Pteropodidae,Pteropus conspicillatus,.,Spectacled flying-fox,PTECONS,Pc,750,850,650,230,.,.,.,.,20,5,1,1,2,3,2,3,4,7,0,4,2*; 3* 10; 11; 12*,100,0.889,grid,20871.3,10084.9,20871.3,10084.9,3 - 1165,18 - 24.7,947 - 3892,1.02,0.7,7,0.392,3c
MAMM,Muridae,Rattus fuscipes,coracius,Bush Rat,RATFUSC,Rf,122,.,.,214,.,.,.,210,5,5,5,3,3,2,2,1,1,4,0,4,3; 10,99,0.943,grid,11661.9,3370.3,11661.9,3370.3,5 - 1443,16.2 - 23.9,1257 - 6556,1.26,0.69,9,0.543,2bcd
MAMM,Muridae,Rattus leucopus,cooktownensis,Cape York Rat,RATLEUC,RL,164,.,.,176,.,.,.,210,4,5,5,3,3,2,2,1,1,4,0,5,3*; 11,45,0.928,target group,11648,6576.9,11728.7,6577.6,0 - 1443,16.2 - 24.6,1725 - 6556,1.21,0.85,12,0.556,2bcd
MAMM,Rhinolophidae,Rhinolophus megaphyllus,megaphyllus,Eastern horseshoe bat,RHIMEGA,Rm,10.5,.,.,44,.,.,.,.,25,5,1,1,1,4,2,3,4,6,0,3,3*; 10; 12*,48,0.758,target group,22596.3,14740.2,22596.3,14740.2,4 - 1140,18.1 - 24.4,1065 - 3987,0.91,0.51,5,0.651,1bc
MAMM,Vespertilionidae,Scoteanax rueppellii,.,Greater broadnosed bat,SCORUEP,Sr,30,.,.,86,.,.,.,.,.,5,1,1,1,4,2,2,4,6,0,3,3*; 10; 12*,0,.,.,.,.,.,.,.,.,.,.,.,.,.,.
MAMM,Dasyuridae,Sminthopsis leucopus,.,White-footed Dunnart,SMILEUC,S2,25,.,25,101,.,.,0,336,2,5,8,1,1,3,2,2,2,3,0,6,3*; 10; 12*,2,0.999,grid,2658,238.1,9500.8,317.1,780 - 939,19 - 19.8,1854 - 2164,.,.,1,1,1b
MAMM,Pteropodidae,Syconycteris australis,.,Common blossom bat,SYCAUST,Sa,19,19,19,60,.,.,.,.,.,5,1,2,.,3,2,2,4,6,0,3,10,0,.,.,.,.,.,.,.,.,.,.,.,.,.,.
MAMM,Macropodidae,Thylogale stigmatica,stigmatica,Red-legged Pademelon,THYSTIG,Ts,4600,5100,4100,477.5,492,463,0,341,10,5,1,2,3,1,1,3,2,5,0,5,3; 10; 11,260,0.930,grid,16119,6273.1,16119,6273.1,3 - 1274,17.5 - 24.4,1151 - 4677,1.15,0.78,10,0.658,4
MAMM,Phalangeridae,Trichosurus vulpecula j.,johnstonii,Coppery Brushtail Possum,TRIJOHN,TJ,1700,1942,.,350,.,.,0,346,16,5,1,1.3,2,1,2,1,1,5,1,5,3*; 10; 11,30,0.986,grid,4174.1,1608.8,4926.8,1625.1,620 - 1044,18.4 - 20.9,1478 - 2966,1.55,5.75,4,0.467,3de
MAMM,Muridae,Uromys caudimaculatus,.,Giant White-tailed Rat,UROCAUD,Uc,646,667,625,331,352,310,0,244,16,5,2.25,1,1,2,2,1,1,5,0,5,3; 10; 11; 12,216,0.926,grid,16811.7,6366.8,16811.7,6366.8,4 - 1186,17.9 - 24.8,1242 - 3934,0.97,0.64,13,0.757,3c
MAMM,Muridae,Uromys hadrourus,.,Masked White-tailed Rat,UROHADR,Uh,194,209,179,180,.,.,.,244,.,5,2.25,1,1,2,2,1,2,4,1,6,3*; 10; 11; 12*,16,0.991,grid,4524.9,1018.2,4644.7,1018.7,361 - 1154,18 - 22.2,1652 - 3187,1.74,4.64,2,0.75,2bd
MAMM,Vespertilionidae,Vespadelus pumilus,.,Eastern forest bat,VESPUMI,Ep,4.4,3.9,4.9,40,.,.,.,.,5,5,1,1,.,4,2,2,4,6,0,3,3; 10,0,.,.,.,.,.,.,.,.,.,.,.,.,.,.
MONO,Ornithorhyncidae,Ornithorhynchus anatinus,.,Platypus,ORNANAT,Oa,861,1018,704,425.5,441,410,0,595,22.6,5,2,1,2,4,4,2,3,6,0,4,3; 10; 15,19,0.907,grid,16614.8,7502.5,16614.8,7502.5,20 - 1072,18.3 - 24.4,1265 - 3307,1.18,0.9,3,0.842,3ab
REPT,Scincidae,Anomalopus gowi,.,.,ANOGOWI,Ag,.,.,.,50,.,101.9,.,.,.,.,2.1,.,.,4,1,2,2,2,0,3,5; 16,0,.,.,.,.,.,.,.,.,.,.,.,.,.,3a
REPT,Colubridae,Boiga irregularis,.,Brown Tree Snake,BOIIRRE,Bi,285,.,.,1035,1040,960,0,.,13,4,7,1,1,4,2,2,1,7,0,3,3; 5; 16; 17,52,0.762,target group,35295.3,24125.4,35295.3,24125.4,15 - 1110,18.1 - 24.5,1003 - 4177,0.8,0.58,5,0.549,2bc
REPT,Elapidae,Cacophis churchilli,.,.,CACCHUR,Cc,.,.,.,538,.,.,.,610,.,.,5.5,.,.,4,2,2,2,6,1,4,5; 16; 17; 18,11,0.847,grid,29021.6,8847.5,29021.6,8847.5,71 - 1214,17.6 - 23.6,1372 - 2933,1.16,1.89,3,0.636,2b
REPT,Elapidae,Cacophis squamulosus,.,Golden Crowned Snake,CACSQUA,Cs,.,.,.,484,389,484,.,976,.,.,6.4,1,2,4,2,2,2,5,0,5,5; 16; 17; 19,0,.,.,.,.,.,.,.,.,.,.,.,.,.,.
REPT,Scincidae,Calyptotis thorntonensis,.,Thornton Peak Skink,CALTHOR,CT,.,.,.,35,.,.,.,.,.,.,3.3,.,.,4,1,2,2,2,1,6,5; 16,0,.,.,.,.,.,.,.,.,.,.,.,.,.,.
REPT,Scincidae,Carlia aeratus,.,.,LYGAERA,Ca,.,.,.,.,.,.,.,.,.,.,2,.,.,4,1,2,2,2,0,3,5; 16,0,.,.,.,.,.,.,.,.,.,.,.,.,.,.
REPT,Scincidae,Carlia laevis,.,.,LYGLAEV,CL,0.7,0.7,0.7,34.6,35.2,33.9,.,.,.,.,1.92,.,2,4,1,2,2,2,1,3,5; 16,0,.,.,.,.,.,.,.,.,.,.,.,.,.,.
REPT,Scincidae,Carlia rhomboidalis,.,.,CARRHOM,rh,.,.,.,50,.,.,.,.,.,.,2,.,.,4,1,2,2,2,0,4,5; 16,3,0.959,grid,3368.3,3354.3,19660.3,11789,97 - 522,21.1 - 23.4,1042 - 1396,.,.,.,.,1be
REPT,Scincidae,Carlia rubrigularis,.,Northern Red-throated Skink,CARRUBR,RU,3.3,3.5,3,52.3,51.8,52.8,1,.,.,4,2,2,2,4,1,2,2,2,1,5,5; 16,460,0.907,grid,15908.1,8820.2,15977.6,8835.2,14 - 1300,17.3 - 24.6,1137 - 4157,0.97,0.6,9,0.767,4
REPT,Scincidae,Carlia tanneri,.,.,LYGTANN,Ct,.,.,.,.,.,.,.,.,.,.,2,.,.,4,1,2,2,2,0,3,5; 16,0,.,.,.,.,.,.,.,.,.,.,.,.,.,.
REPT,Gekkonidae,Carphodactylus laevis,.,Chameleon Gecko,CARLAEV,Cl,21.9,19.4,24.8,103.5,101.2,106.2,0,.,.,4,1.5,.,2,4,2,1,2,3,1,6,5; 16,116,0.962,grid,8031.6,3879.2,8261.8,3881,115 - 1079,18.4 - 23.9,1453 - 4083,1.34,1.47,5,0.948,4
REPT,Scincidae,Coeranoscincus frontalis,.,.,COEFRON,Cf,201.5,.,.,250,.,.,0,.,.,4,4,.,2,4,1,2,2,4,1,6,5; 16,15,0.953,grid,9727.1,3380.4,9919.4,3401.3,40 - 1042,18.4 - 23.4,1644 - 3236,1.55,2.01,2,0.867,2abc
REPT,Crocodylidae,Crocodylus porosus,.,Estuarine Crocodile,CROPORO,Cp,.,.,.,5000,.,.,.,.,42,.,50,.,2,4,2,3,6,8,0,3,3; 5; 16,0,.,.,.,.,.,.,.,.,.,.,.,.,.,.
REPT,Elapidae,Cryptophis nigrescens,.,Eastern Smalleyed Snake,RHINIGR,ni,53.1,.,.,600,.,.,0,.,.,4,4,.,1,4,2,2,2,6,0,5,5; 16; 17;18,60,0.909,grid,18739.3,7429.3,18739.3,7429.3,16 - 1214,17.6 - 24.4,934 - 3872,0.97,0.58,7,0.579,3bc
REPT,Scincidae,Cyclodomorphus gerrardii,.,Pink-tongued Lizard,CYCGERR,Cg,136,.,.,212,.,.,0,.,13,4,10,.,2,4,1,2,5,3,0,3,5; 16; 19,9,0.723,target group,33222,21630,33285.8,21644,60 - 928,19.1 - 23.3,1503 - 3477,1.2,4.19,3,0.5,1b
REPT,Pygopodidae,Delma labialis,.,Striped-tailed Delma,DELLABI,Dl,.,.,.,100,.,.,.,.,.,.,2,.,.,4,1,2,2,2,0,3,5; 16,0,.,.,.,.,.,.,.,.,.,.,.,.,.,.
REPT,Pygopodidae,Delma mitella,.,.,DELMITE,Dm,.,.,.,80,.,.,.,.,.,.,2,.,.,4,1,2,2,2,1,4,5; 16,0,.,.,.,.,.,.,.,.,.,.,.,.,.,.
REPT,Elapidae,Demansia psammophis,psammophis,Yellow-faced Whipsnake,DEMPSAM,PS,53.5,.,.,542.5,556,529,0,610,.,4,6.03,1,1,4,1,3,2,6,0,3,5; 16; 17;18,23,0.923,target group,19604.6,12043,19604.6,12043,58 - 961,18.9 - 24.3,1102 - 3243,0.73,1.36,3,0.591,1bc
REPT,Elapidae,Demansia torquata,.,Collared Whipsnake,DEMTORQ,To,.,.,.,524.5,539,510,.,.,.,.,4,.,1,4,1,2,2,6,0,3,5; 16; 17;18,0,.,.,.,.,.,.,.,.,.,.,.,.,.,.
REPT,Colubridae,Dendrelaphis calligastra,.,Northern Tree Snake,DENCALL,Dc,200,.,.,802,.,.,0,.,.,4,7.2,.,2,4,1,2,1,5,0,4,5; 16; 17,23,0.939,grid,12818.1,5704.8,13170.9,5792.7,11 - 1073,18.5 - 24.9,1033 - 3534,1.07,0.66,4,0.667,1abc
REPT,Colubridae,Dendrelaphis punctulata,.,Common Tree Snake,DENPUNC,Dp,180,.,.,788.5,.,.,0,.,.,4,9.1,.,2,4,1,2,1,6,0,3,5; 16; 17,50,0.748,target group,33390.7,24635.6,33390.7,24635.6,2 - 950,19 - 24.4,999 - 3377,0.54,0.58,5,0.543,2bc
REPT,Scincidae,Egernia frerei,.,Major Skink,EGEFRER,Ef,97.2,.,.,180,.,.,0,.,7,4,3,.,2,4,1,2,2,3,0,4,5; 16; 19,25,0.930,grid,14396.7,5667.9,14396.7,5667.9,0 - 885,19.3 - 24.5,1301 - 3553,0.87,0.66,6,0.583,2bc
REPT,Chelidae,Elseya latisternum,.,Sawshell Turtle,ELSLATI,El,.,.,.,280,.,.,.,.,26,.,17,.,.,4,1,.,3,5,0,3,5; 16; 19,0,.,.,.,.,.,.,.,.,.,.,.,.,.,.
REPT,Chelidae,Emydura macquarii,.,Krefft's RiverTurtle,EMYKREF,Em,.,.,.,300,.,.,.,.,30,.,20,.,.,4,1,.,3,5,0,3,5; 16; 19,0,.,.,.,.,.,.,.,.,.,.,.,.,.,.
REPT,Scincidae,Eulamprus brachysoma,.,.,EULBRAC,EF,6.7,.,.,.,68.4,56.3,0,.,.,4,3.8,.,2,4,1,2,5,2,0,4,5; 16,35,0.967,grid,10484.1,1956.3,10484.1,1956.3,82 - 1073,18.5 - 23.5,982 - 3359,0.99,1.15,4,0.424,1abc
REPT,Scincidae,Eulamprus frerei,.,.,EULFRER,Et,97.2,49,113,130.3,107,153.7,.,.,.,.,5,.,.,4,1,2,2,3,1,6,5; 16,4,1.000,grid,111.3,7.5,549.6,7.5,1437 - 1600,15.4 - 16.2,6169 - 6717,.,.,3,0.5,3bc
REPT,Scincidae,Eulamprus quoyii,.,Eastern Water Skink,EULQUOY,Eq,27.6,.,.,.,103.4,102,0,.,.,4,4.8,.,2,4,1,2,2,2,0,4,5; 16,29,0.884,grid,23172.5,7844.8,23172.5,7844.8,27 - 1110,18.1 - 24.3,1056 - 4020,0.92,0.8,5,0.778,3bc
REPT,Scincidae,Eulamprus tigrinus,.,.,EULTIGR,Eb,10.7,11.4,10.4,80,81.4,79.6,0,.,.,4,4,.,2,4,1,2,2,2,1,6,5; 16,55,0.961,grid,10109.1,3775.8,10111,3775.8,11 - 1317,17.1 - 24.6,1482 - 4157,1.46,1.27,6,0.8,3ab
REPT,Elapidae,Furina barnardi,.,Yellow-naped Snake,FURBARN,Fb,.,.,.,50,288,440,.,.,.,.,8.3,.,.,4,2,2,2,2,0,3,5; 16; 17;18,0,.,.,.,.,.,.,.,.,.,.,.,.,.,.
REPT,Elapidae,Furina ornata,.,Orange-naped Snake,FURORNA,Fo,.,.,.,.,291,365,.,.,.,.,3.1,.,1,4,2,2,2,2,0,3,5; 16; 17;18,4,0.875,target group,30854.6,24764.6,30854.6,24764.6,56 - 600,20.8 - 23.6,934 - 2064,.,.,2,0.5,1b
REPT,Elapidae,Furina tristis,.,Brown-headed Snake,FURTRIS,Ft,.,.,.,.,609,584,.,.,.,.,4.6,.,.,4,2,2,2,2,0,3,5; 16; 17;18,2,0.983,target group,3210,1457.7,8430.6,2177.4,12 - 157,23.6 - 24.9,1723 - 3339,.,.,1,1,1b
REPT,Scincidae,Glaphyromorphus clandestinus,.,Mt Elliot skink,GLACLAN,cL,.,.,.,58.7,.,.,.,.,.,.,3,.,.,4,1,2,2,2,1,4,5; 16,3,1.000,grid,469.4,62.2,1064.2,62.3,495 - 500,21.2 - 21.2,1193 - 1196,.,.,.,.,1b
REPT,Scincidae,Glaphyromorphus crassicaudus,.,.,GLACRAS,Gc,.,.,.,50,.,50.6,.,.,.,.,3,.,.,4,1,2,2,2,0,3,5; 16,0,.,.,.,.,.,.,.,.,.,.,.,.,.,.
REPT,Scincidae,Glaphyromorphus fuscicaudis,.,Grey-tailed Skink,GLAFUSC,Gf,8.8,10.6,7.7,75,77.1,73.7,0,.,.,4,3,.,2,4,1,2,2,2,1,5,5; 16,61,0.955,grid,9024.6,5027.3,9044.2,5039.5,20 - 1300,17.3 - 24.5,1256 - 4032,1.19,0.79,4,0.918,3bc
REPT,Scincidae,Glaphyromorphus mjobergi,.,.,GLAMJOB,Gm,9.4,10.8,8.6,83.1,85.1,82.1,0,.,.,4,3,.,2,4,1,2,2,2,1,6,5; 16,20,0.979,grid,4555.9,2306.4,5078.3,2451.5,600 - 1275,17.1 - 20.8,1583 - 5386,1.86,2.65,1,1,3ab
REPT,Scincidae,Gnypetoscincus queenslandiae,.,Prickly Forest Skink,GNYQUEE,Gq,6.6,5.8,6.8,67.3,65.1,67.8,0,.,.,4,3.2,.,2,4,1,2,2,2,1,6,5; 16,328,0.947,grid,9479.5,5348.2,9785.2,5350.1,20 - 1443,16.2 - 24.5,1265 - 6556,1.43,1.02,8,0.899,4
REPT,Elapidae,Hemiaspis signata,.,Black-bellied Swamp Snake,HEMSIGN,Hs,231,.,.,410,427,393,0,365,.,4,7.7,.,3,4,3,2,2,5,0,4,5; 16; 17;18,20,0.976,grid,7614.2,2254.3,7614.2,2254.3,10 - 1225,17.6 - 24.3,934 - 3339,1.47,1.03,4,0.789,2b
REPT,Agamidae,Hypsilurus boydii,.,Boyd's Forest Dragon,HYPBOYD,Hb,131.8,104.4,145.4,151.8,141.3,158,0,2,.,4,4,3,2,4,1,3,1,4,1,6,5; 16,101,0.939,grid,11185.1,5923.9,11228.3,5934.6,0 - 1130,18 - 24.6,1347 - 4032,1.1,0.76,11,0.822,4
REPT,Scincidae,Lampropholis coggeri,.,.,LAMCOGG,Lc,1.2,1.1,1.2,37.8,37.5,38.1,0,.,.,4,1.5,.,2,4,1,2,2,2,1,5,5; 16,329,0.932,grid,10178.2,6496.9,10284,6568.1,20 - 1300,17.3 - 24.5,975 - 4141,1.13,0.69,8,0.878,4
REPT,Scincidae,Lampropholis delicata,.,.,LAMDELI,Ld,.,.,.,40,.,40,.,.,.,.,4.7,.,.,4,1,2,2,2,0,3,5; 16,0,.,.,.,.,.,.,.,.,.,.,.,.,.,.
REPT,Scincidae,Lampropholis mirabilis,.,.,LAMMIRA,Lm,1.7,1.9,1.6,47.5,47.2,47.8,.,.,.,.,1.58,.,2,4,1,1,2,2,1,3,5; 16,7,0.984,target group,3418.4,3387.1,22098.3,14036.7,47 - 604,20.6 - 23.7,977 - 1356,0.74,18.34,.,.,1bc
REPT,Scincidae,Lampropholis robertsi,.,.,LAMROBE,Lr,2,2.2,1.9,45.5,46.8,44.6,0,.,.,4,2.26,.,2,4,1,2,2,2,1,6,5; 16,39,0.995,grid,2631.4,528.5,2985.1,531.4,685 - 1540,15.7 - 20.5,1778 - 7408,2.41,4.1,4,0.641,3a
REPT,Scincidae,Menetia koshlandae,.,.,MENKOSH,MK,.,.,.,29,.,.,.,.,.,.,2,.,.,4,1,2,2,2,0,3,5; 16,0,.,.,.,.,.,.,.,.,.,.,.,.,.,.
REPT,Boidae,Morelia kinghorni,.,Amethystine Python,MORKING,Mk,4000,.,.,2000,.,.,0,.,20,3,16,.,2,4,2,2,5,7,0,5,3; 5; 16; 17,201,0.920,grid,18807.6,6991.3,18807.6,6991.3,4 - 1110,18.3 - 24.9,1094 - 4032,0.91,0.67,9,0.505,3bc
REPT,Boidae,Morelia spilota,cheynei,Jungle Carpet Python,MORSPIL,Mc,2920,.,.,2000,165.5,190,0,.,14,3,16.6,.,2,4,2,2,5,7,0,5,3; 5; 16; 18,213,0.935,grid,15413.4,2936.7,15413.4,2936.7,9 - 1190,17.5 - 24.6,1005 - 4194,0.97,0.75,8,0.587,1c
REPT,Gekkonidae,Nactus cheverti,.,.,NACCHEV,Nc,66.1,.,.,80,.,.,0,.,10,4,2,.,2,4,2,2,2,2,0,4,5; 16; 19,15,0.955,grid,9977.3,2837.6,10121.3,2880.7,7 - 668,20.5 - 25,1281 - 3423,1.44,1.32,6,0.455,2bc
REPT,Gekkonidae,Phyllurus amnicola,.,Mt.Elliot Leaf-tail gecko,PHYAMNI,Pa,.,.,.,113,.,113,.,.,.,.,1.75,.,2,4,2,1,1,3,1,4,5; 16,3,0.988,grid,4957,691.7,14523.4,1651.2,157 - 644,20.4 - 23.1,982 - 1315,.,.,.,.,1bc
REPT,Gekkonidae,Phyllurus gulbaru,.,Gulbaru Gecko,PHYGULB,Pg,.,.,.,86.6,.,.,.,.,.,.,2,.,3,4,1,2,1,2,1,4,5; 16,2,0.999,grid,5663.5,572.7,9336.8,1147.5,366 - 538,21.3 - 22.1,1137 - 1176,.,.,1,1,1bc
REPT,Agamidae,Physignathus lesueurii,lesueuri,Eastern Water Dragon,PHYLESU,Pl,60.7,.,.,147,.,.,0,.,13,3,10.88,1,2,4,1,3,2,3,0,4,5; 16; 19,136,0.891,grid,16943.9,8533.1,16943.9,8533.1,20 - 1200,17.8 - 24.5,934 - 4157,0.96,0.55,7,0.679,3c
REPT,Elapidae,Pseudechis porphyriacus,.,Red-bellied Black Snake,PSEPORP,Pp,1700,.,.,.,1056,928,0,579,12,4,12.3,1,2,4,1,2,2,7,0,4,3; 5; 16; 17; 20;,103,0.936,grid,15106,4725.9,15106,4725.9,80 - 1280,17.4 - 23.9,934 - 4157,1.35,0.65,7,0.833,3c
REPT,Typhlopidae,Ramphotyphlops affinis,.,.,RAMAFFI,Ra,.,.,.,15,206,252,.,.,.,.,3,.,.,4,2,2,2,2,0,3,5; 16,0,.,.,.,.,.,.,.,.,.,.,.,.,.,.
REPT,Typhlopidae,Ramphotyphlops broomi,.,.,RAMBROO,Rb,.,.,.,18,.,.,.,.,.,.,3,.,.,4,2,2,2,2,0,3,5; 16,0,.,.,.,.,.,.,.,.,.,.,.,.,.,.
REPT,Typhlopidae,Ramphotyphlops ligatus,.,.,RAMLIGA,Rl,.,.,.,30,242,305,.,.,.,.,7.7,.,.,4,2,2,2,2,0,3,5; 16,0,.,.,.,.,.,.,.,.,.,.,.,.,.,.
REPT,Typhlopidae,Ramphotyphlops polygrammicus,.,.,RAMPOLY,Rp,85.1,.,.,.,288,366,0,.,.,4,7,.,2,4,2,2,2,2,0,3,5; 16,7,0.816,target group,34489.8,21221.9,34493.5,21221.9,94 - 660,20.5 - 23.4,1494 - 4020,0.91,9.38,1,1,1b
REPT,Typhlopidae,Ramphotyphlops proximus,.,.,RAMPROX,PR,.,.,.,50,245,358,.,.,.,.,13.2,.,.,4,4,2,2,2,0,3,5; 16,0,.,.,.,.,.,.,.,.,.,.,.,.,.,.
REPT,Typhlopidae,Ramphotyphlops robertsi,.,.,RAMROBE,Rn,.,.,.,25,.,.,.,.,.,.,6,.,.,4,2,2,2,2,1,3,5; 16,0,.,.,.,.,.,.,.,.,.,.,.,.,.,.
REPT,Typhlopidae,Ramphotyphlops unguirostris,.,.,RAMUNGU,Ru,.,.,.,357,.,.,.,.,.,.,20,.,.,4,2,2,2,4,0,3,5; 16,0,.,.,.,.,.,.,.,.,.,.,.,.,.,.
REPT,Typhlopidae,Ramphotyphlops wiedii,.,.,RAMWIED,Rw,.,.,.,20,196,235,.,.,.,.,3.9,.,.,4,2,2,2,2,0,3,5; 16,0,.,.,.,.,.,.,.,.,.,.,.,.,.,.
REPT,Gekkonidae,Saltuarius cornutus,.,Northern Leaf-tailed Gecko,SALCORN,Sc,38.1,35.5,41.7,129.3,128.5,130.4,0,.,.,4,2,1,1,4,2,2,1,3,1,5,5; 16,217,0.937,grid,11608.5,5748.9,11651.3,5765.2,19 - 1512,15.9 - 24.5,1205 - 6380,1.26,0.75,8,0.825,4
REPT,Scincidae,Saproscincus basiliscus,.,.,SAPBASI,Sb,1.5,1.5,1.5,42.1,41.9,42.4,1,.,.,4,2,.,2,4,1,2,2,2,1,5,5; 16,289,0.931,grid,15412.5,6486.2,15763.3,6597.2,20 - 1215,17.7 - 24.6,1137 - 4157,1.09,0.66,10,0.732,3c
REPT,Scincidae,Saproscincus czechurai,.,Czechura's Litter Skink,SAPCZEC,Cz,0.8,0.7,0.8,33.9,33.5,34.3,1,.,.,4,2,.,2,4,1,2,2,2,1,6,5; 16,47,0.987,grid,4608.1,1254.3,5365.9,1297.3,606 - 1540,15.7 - 21,1445 - 7408,2.12,2.31,4,0.83,3b
REPT,Scincidae,Saproscincus lewisi,.,.,SAPLEWI,Sl,1.2,1.1,1.2,40.8,39.6,42.1,0,.,.,4,2,.,2,4,1,2,2,2,1,5,5; 16,13,0.989,grid,2428.9,1509.5,5534.7,2322.6,14 - 700,20.4 - 24.5,2056 - 3534,1.76,8.96,4,0.385,2abde
REPT,Scincidae,Saproscincus tetradactylus,.,Four-toed Litter Skink,SAPTETR,St,0.6,0.6,0.6,30.8,30.7,31,0,.,.,4,2,.,2,4,1,2,2,2,1,6,5; 16,113,0.954,grid,10786.6,4751.6,11902.3,4802.7,40 - 1181,17.9 - 24.1,1227 - 4157,1.06,0.8,5,0.92,3ac
REPT,Colubridae,Stegonotus cucullatus,.,Slaty-grey Snake,STECUCU,ST,1500,.,.,900,954,842,0,912,.,4,11.8,1,2,4,2,2,6,6,0,4,5; 16; 17,25,0.883,grid,17967.1,9707.4,17967.1,9707.4,11 - 1166,18 - 24.4,1272 - 3445,1.03,0.76,5,0.56,3b
REPT,Scincidae,Techmarscincus jigurru,.,Bartle Frere Skink,TECJIGU,Tj,5.5,5.5,5.6,72.4,70.4,74.3,.,.,.,.,3,.,2,4,1,1,2,2,1,6,5; 16,6,1.000,grid,42.6,4.2,525.9,4.2,1452 - 1600,15.4 - 16.2,6003 - 6717,3.78,76.23,2,0.833,3b
REPT,Elapidae,Tropidechis carinatus,.,Rough-scaled Snake,TROCARI,Tc,.,.,.,.,676,672,.,.,.,.,10.5,.,2,4,2,2,6,6,0,5,5; 16; 17,16,0.961,grid,11511.1,3836.6,11552.3,3839.3,20 - 1238,17.5 - 23.7,1342 - 3374,1.45,2.77,5,0.4,2b
REPT,Colubridae,Tropidonophis mairii,.,Keelback,TROMAIR,Tm,.,.,.,.,483,556,.,.,.,.,9.8,.,.,4,2,2,6,5,0,3,5; 16; 17,22,0.868,target group,31662.2,24519.7,31662.2,24519.7,2 - 817,19.7 - 24,1023 - 2861,0.46,0.66,4,0.421,1bc
REPT,Varanidae,Varanus scalaris,similis/timorensis,Spotted Tree Monitor,VARSCAL,Vs,57.2,.,.,253,.,.,0,.,8,4,4.5,2,2,4,1,2,1,4,0,4,5; 16; 19,51,0.934,grid,12540.2,4675.7,12540.2,4675.7,40 - 1029,18.5 - 24.2,910 - 4157,0.95,0.67,7,0.735,2bcd
REPT,Varanidae,Varanus tristis,orientalis,.,VARTRIS,Vt,.,.,.,280,.,.,.,.,8,.,10,.,1,4,1,3,5,4,0,3,5; 16; 19,0,.,.,.,.,.,.,.,.,.,.,.,.,.,.
REPT,Varanidae,Varanus varius,.,Lace Monitor,VARVARI,VV,.,.,.,765,.,.,.,.,15,.,10,.,1,4,1,3,5,5,0,4,5; 16; 19,25,0.899,grid,19248.3,10990.1,19248.3,10990.1,10 - 1121,18.1 - 24.5,933 - 2880,0.48,0.97,3,0.522,2bc
REPT,Elapidae,Vermicella annulata,.,Bandy Bandy,VERANNU,Va,.,.,.,.,368,544,1,.,15,.,7.3,.,2,4,2,3,2,6,0,3,5; 16; 17; 18; 19,6,0.938,target group,22481.2,18315.5,22481.2,18315.5,530 - 1000,18.7 - 21.3,1272 - 1513,0.99,1.97,4,0.5,1b
